field_id,sport_id,day_of_week,hour,is_weekend,month,price,is_peak_hour,was_booked
f3,football,1,11,0,12,482098,0,1
f3,football,6,21,1,12,521482,1,1
f2,football,1,7,0,2,480495,0,0
f1,table-tennis,2,20,0,12,441924,1,1
f1,tennis,5,20,0,5,250851,1,1
f1,tennis,4,11,0,6,370379,0,1
f2,football,1,6,0,7,497052,0,0
f3,tennis,7,20,1,1,310217,1,1
f2,football,5,17,0,5,532397,1,1
f2,football,2,4,0,12,356006,0,0
f2,football,7,19,1,4,463238,1,1
f2,table-tennis,7,10,1,6,398520,0,1
f3,tennis,6,20,1,11,259358,1,1
f1,tennis,6,10,1,4,410589,0,1
f3,table-tennis,5,17,0,4,392504,1,0
f1,football,7,20,1,1,491347,1,1
f1,football,5,14,0,12,477869,0,0
f2,football,4,10,0,3,368301,0,1
f3,football,3,21,0,12,406155,1,0
f2,tennis,2,16,0,3,314686,0,1
f1,football,2,10,0,11,539192,0,0
f1,tennis,4,13,0,10,319352,0,1
f3,football,6,7,1,12,539353,0,0
f2,badminton,3,12,0,2,406985,0,1
f1,badminton,6,16,1,5,449871,0,1
f1,football,3,16,0,11,429818,0,1
f2,football,5,22,0,9,450074,0,0
f2,football,1,20,0,6,490306,1,1
f1,football,1,20,0,2,413699,1,0
f3,football,2,14,0,11,522063,0,1
f3,badminton,4,23,0,4,420686,0,0
f3,football,6,14,1,5,538039,0,0
f2,tennis,4,9,0,2,379451,0,1
f1,football,5,21,0,4,378864,1,1
f3,football,1,4,0,4,354117,0,0
f1,badminton,2,21,0,5,413624,1,1
f1,football,5,14,0,10,381850,0,0
f2,football,1,21,0,2,506498,1,1
f2,tennis,7,3,1,12,338259,0,0
f3,football,1,20,0,7,494473,1,0
f1,football,2,18,0,4,508800,1,1
f1,tennis,4,19,0,4,259880,1,1
f3,football,1,18,0,11,451934,1,0
f1,football,4,14,0,8,478016,0,0
f1,football,4,13,0,1,484760,0,0
f2,tennis,4,23,0,12,345748,0,0
f3,table-tennis,6,9,1,8,374890,0,1
f1,badminton,6,3,1,9,448038,0,0
f1,football,4,22,0,9,419615,0,0
f3,football,7,4,1,3,527992,0,1
f1,tennis,1,9,0,10,325880,0,0
f3,football,4,21,0,11,524085,1,1
f2,football,6,14,1,12,481285,0,1
f1,football,6,13,1,5,391441,0,0
f1,football,4,20,0,10,463104,1,1
f1,football,3,23,0,3,395745,0,0
f1,tennis,3,12,0,3,321200,0,0
f3,table-tennis,5,21,0,1,422692,1,1
f3,football,2,7,0,5,464029,0,0
f1,tennis,3,7,0,10,344058,0,0
f3,football,7,16,1,5,414032,0,1
f1,football,6,17,1,7,486265,1,1
f2,football,6,10,1,5,547154,0,0
f3,tennis,5,7,0,1,259862,0,0
f3,football,5,17,0,1,498393,1,1
f1,tennis,2,13,0,1,297795,0,0
f1,tennis,2,9,0,11,337416,0,1
f3,tennis,5,9,0,12,281029,0,0
f1,tennis,1,21,0,3,293540,1,1
f2,table-tennis,7,20,1,12,382527,1,1
f3,football,4,18,0,1,511694,1,1
f2,tennis,3,8,0,4,253101,0,0
f2,tennis,3,23,0,2,286585,0,0
f3,tennis,6,15,1,9,253617,0,1
f2,football,5,2,0,5,464208,0,0
f2,table-tennis,7,16,1,6,429457,0,0
f1,tennis,5,10,0,4,255817,0,0
f1,badminton,7,17,1,9,444297,1,0
f3,table-tennis,2,16,0,6,359171,0,0
f2,tennis,3,18,0,11,366334,1,1
f2,badminton,3,15,0,11,392753,0,0
f2,table-tennis,2,15,0,4,437153,0,0
f3,badminton,2,20,0,10,389446,1,1
f1,tennis,3,16,0,4,326019,0,0
f2,tennis,4,17,0,8,278010,1,1
f3,football,6,12,1,2,517561,0,0
f3,tennis,1,17,0,4,290687,1,1
f1,football,1,9,0,1,512277,0,0
f1,tennis,4,20,0,11,275485,1,1
f2,tennis,4,9,0,4,335990,0,0
f1,tennis,2,20,0,3,341214,1,1
f1,football,2,13,0,2,367477,0,0
f3,table-tennis,5,14,0,10,448992,0,0
f3,table-tennis,5,17,0,7,421810,1,1
f1,football,7,12,1,8,383972,0,0
f3,tennis,7,15,1,9,332149,0,1
f2,football,6,9,1,5,485614,0,1
f3,football,2,8,0,3,500205,0,0
f3,football,1,15,0,7,493369,0,0
f2,football,2,13,0,7,526556,0,0
f1,badminton,4,0,0,8,396105,0,0
f2,tennis,5,21,0,12,321582,1,1
f1,tennis,2,16,0,5,313654,0,1
f2,football,6,20,1,7,371632,1,0
f1,tennis,5,22,0,1,401645,0,0
f3,football,1,16,0,11,467786,0,0
f1,football,3,14,0,7,477742,0,0
f2,tennis,3,10,0,7,260735,0,0
f3,football,1,8,0,6,435215,0,1
f3,football,7,22,1,1,482411,0,0
f1,tennis,2,8,0,4,412070,0,0
f3,football,4,10,0,12,498351,0,1
f3,football,6,18,1,2,371465,1,0
f1,football,1,20,0,5,438781,1,0
f2,tennis,6,4,1,4,327607,0,0
f3,football,1,18,0,12,489529,1,0
f3,football,7,19,1,10,455383,1,1
f2,tennis,3,16,0,2,434874,0,1
f2,tennis,1,23,0,7,297472,0,0
f2,badminton,2,11,0,7,446180,0,0
f3,tennis,5,18,0,9,313372,1,1
f3,football,3,18,0,6,382177,1,0
f1,tennis,4,17,0,4,310910,1,1
f3,tennis,3,15,0,1,292600,0,1
f1,tennis,7,15,1,5,286655,0,0
f3,tennis,5,17,0,1,275042,1,1
f3,tennis,4,17,0,9,281499,1,1
f3,football,4,19,0,8,352260,1,1
f1,tennis,6,13,1,4,337026,0,0
f2,table-tennis,5,16,0,6,447771,0,0
f2,football,4,13,0,5,382951,0,1
f3,football,3,21,0,2,520236,1,0
f3,football,2,21,0,4,513464,1,1
f3,badminton,5,6,0,5,375443,0,0
f2,football,3,19,0,1,520010,1,1
f1,football,5,18,0,5,466551,1,1
f2,football,7,20,1,1,487268,1,1
f2,tennis,2,10,0,1,312616,0,1
f1,tennis,4,20,0,2,332502,1,1
f1,football,7,22,1,10,489824,0,1
f1,football,5,17,0,7,528135,1,1
f1,football,4,22,0,8,408028,0,0
f3,tennis,3,18,0,10,257894,1,1
f3,football,7,19,1,4,477659,1,1
f1,football,2,19,0,3,459838,1,1
f2,tennis,6,14,1,10,288175,0,1
f2,table-tennis,3,19,0,12,409510,1,1
f1,tennis,7,21,1,11,336662,1,0
f1,tennis,1,8,0,9,334886,0,1
f2,football,1,10,0,1,490319,0,0
f3,tennis,4,13,0,2,340266,0,1
f2,tennis,5,15,0,9,307377,0,1
f1,tennis,6,17,1,6,282816,1,1
f1,tennis,7,21,1,10,352719,1,0
f3,tennis,5,17,0,1,349125,1,1
f3,badminton,4,11,0,5,426720,0,0
f2,football,4,15,0,6,493687,0,1
f1,football,3,18,0,7,514942,1,1
f2,tennis,1,5,0,8,391224,0,0
f1,tennis,7,21,1,9,250150,1,1
f3,tennis,4,6,0,1,317952,0,0
f2,football,4,7,0,1,385003,0,0
f2,tennis,6,7,1,8,253783,0,0
f3,football,6,13,1,3,522199,0,1
f2,football,2,13,0,2,465396,0,0
f1,tennis,6,16,1,5,342459,0,1
f2,tennis,2,19,0,8,268958,1,1
f3,football,6,19,1,3,359150,1,1
f2,tennis,7,11,1,9,250336,0,1
f2,tennis,5,15,0,11,369476,0,0
f2,tennis,3,17,0,9,321228,1,1
f2,football,6,20,1,4,500196,1,1
f2,football,3,14,0,12,542435,0,0
f2,tennis,6,9,1,11,314923,0,0
f1,football,5,19,0,6,363154,1,0
f2,football,5,0,0,8,544692,0,0
f3,football,1,19,0,8,484737,1,1
f3,tennis,6,18,1,2,293065,1,0
f3,tennis,3,19,0,11,349536,1,1
f3,football,5,9,0,2,532727,0,0
f2,football,6,16,1,2,462903,0,0
f3,football,4,18,0,3,489251,1,0
f1,tennis,7,12,1,1,296984,0,1
f1,football,5,20,0,7,539364,1,1
f1,football,1,19,0,10,500140,1,1
f1,tennis,5,8,0,3,310443,0,0
f2,tennis,6,21,1,1,310981,1,0
f3,football,2,12,0,2,395293,0,0
f2,badminton,4,10,0,12,409878,0,0
f1,tennis,7,6,1,8,281091,0,0
f2,table-tennis,3,12,0,12,352875,0,0
f3,tennis,3,20,0,1,339889,1,1
f1,tennis,6,17,1,8,387512,1,1
f1,tennis,7,8,1,6,433442,0,1
f2,tennis,7,18,1,12,436400,1,1
f1,football,1,20,0,11,355167,1,1
f2,football,5,20,0,6,467224,1,1
f2,tennis,6,11,1,7,276318,0,1
f3,tennis,5,22,0,9,285720,0,0
f2,tennis,7,21,1,5,294396,1,0
f2,football,2,19,0,4,538647,1,1
f2,football,3,19,0,2,401717,1,1
f3,football,4,17,0,6,548174,1,1
f3,tennis,7,22,1,11,298689,0,0
f1,tennis,1,20,0,10,323584,1,1
f3,football,6,19,1,2,510852,1,0
f2,tennis,4,8,0,2,355943,0,0
f2,tennis,1,9,0,2,320457,0,1
f2,tennis,6,18,1,12,320804,1,1
f3,table-tennis,2,20,0,7,362978,1,0
f3,tennis,3,18,0,1,298566,1,1
f2,football,7,6,1,6,539873,0,0
f3,tennis,1,11,0,7,274878,0,0
f2,football,6,20,1,4,533819,1,1
f1,football,7,9,1,6,466505,0,0
f1,football,7,7,1,9,526858,0,0
f1,tennis,7,19,1,3,328116,1,1
f1,football,5,20,0,5,472871,1,1
f1,football,1,19,0,6,481186,1,1
f1,football,3,8,0,1,547218,0,0
f1,table-tennis,1,12,0,8,397453,0,0
f1,tennis,5,22,0,4,330623,0,1
f3,badminton,3,20,0,8,354082,1,1
f2,tennis,4,6,0,11,314260,0,0
f2,football,1,17,0,6,469442,1,1
f2,table-tennis,6,19,1,10,443343,1,1
f3,football,3,16,0,8,429354,0,0
f3,football,7,20,1,11,522264,1,1
f1,tennis,4,15,0,4,294424,0,0
f2,tennis,6,14,1,2,305936,0,1
f2,tennis,2,23,0,11,312163,0,1
f1,football,4,21,0,2,546835,1,1
f1,tennis,1,23,0,10,423608,0,0
f3,football,4,19,0,6,537207,1,0
f2,tennis,1,17,0,5,390953,1,1
f3,tennis,2,21,0,3,413201,1,1
f1,tennis,7,12,1,9,265058,0,0
f3,football,7,18,1,7,523526,1,0
f3,tennis,6,19,1,11,353441,1,1
f3,badminton,3,11,0,1,385818,0,0
f2,tennis,3,11,0,1,268776,0,0
f2,football,2,19,0,12,454018,1,1
f3,football,4,13,0,7,494681,0,1
f2,football,3,17,0,10,361135,1,0
f1,football,7,3,1,10,538338,0,1
f2,badminton,4,17,0,8,407939,1,1
f1,football,1,16,0,6,364534,0,1
f3,table-tennis,4,21,0,9,390425,1,1
f2,table-tennis,1,7,0,1,389507,0,0
f1,tennis,3,7,0,6,251013,0,0
f2,football,2,18,0,7,542231,1,1
f3,badminton,7,4,1,6,402044,0,0
f1,tennis,1,22,0,8,260205,0,0
f3,tennis,5,19,0,7,333904,1,1
f1,tennis,1,10,0,6,331018,0,0
f3,tennis,1,18,0,7,263875,1,1
f3,tennis,5,14,0,2,290668,0,0
f1,tennis,7,4,1,3,316910,0,0
f3,badminton,2,16,0,6,445339,0,0
f3,football,2,9,0,2,483550,0,1
f3,football,7,4,1,11,473218,0,0
f3,tennis,4,17,0,10,325952,1,1
f3,badminton,6,14,1,10,432210,0,1
f2,football,4,19,0,8,489691,1,1
f3,football,3,4,0,9,490685,0,0
f1,football,3,4,0,5,534497,0,0
f1,football,5,13,0,9,410648,0,0
f3,football,4,20,0,10,474672,1,1
f2,badminton,2,12,0,1,363566,0,0
f2,football,1,20,0,9,372617,1,1
f3,tennis,4,17,0,9,329928,1,1
f2,tennis,4,18,0,7,294350,1,1
f1,tennis,6,4,1,6,393213,0,1
f3,tennis,3,20,0,5,336057,1,0
f3,football,3,21,0,2,536980,1,1
f2,tennis,6,21,1,12,301374,1,1
f3,football,3,13,0,9,534343,0,0
f1,table-tennis,6,17,1,12,418995,1,1
f3,tennis,5,1,0,6,297526,0,0
f1,tennis,7,6,1,8,279693,0,0
f1,football,3,16,0,2,520748,0,0
f3,football,6,20,1,6,531006,1,1
f2,football,2,17,0,3,540812,1,1
f1,football,4,15,0,1,397749,0,0
f1,tennis,5,17,0,5,348112,1,1
f1,table-tennis,2,23,0,5,411474,0,0
f1,tennis,6,12,1,10,310513,0,0
f2,tennis,5,23,0,7,371241,0,0
f3,football,7,3,1,5,534040,0,0
f2,tennis,1,18,0,12,417621,1,0
f2,football,7,11,1,3,508893,0,0
f1,tennis,1,21,0,4,309130,1,0
f1,tennis,1,16,0,7,299015,0,1
f1,tennis,2,14,0,1,262987,0,0
f3,tennis,7,8,1,3,255020,0,1
f2,football,7,17,1,3,442476,1,1
f3,football,1,10,0,1,478266,0,0
f3,badminton,5,16,0,9,364573,0,0
f1,tennis,1,9,0,1,305027,0,0
f3,tennis,1,17,0,2,315513,1,1
f1,football,5,9,0,10,444181,0,1
f2,football,5,9,0,6,524798,0,0
f3,tennis,1,12,0,9,358870,0,0
f3,football,7,19,1,9,352665,1,1
f2,football,6,12,1,7,483246,0,0
f2,football,3,20,0,4,536127,1,1
f3,tennis,7,8,1,6,355811,0,1
f2,table-tennis,2,13,0,11,441146,0,0
f1,football,1,18,0,12,509988,1,1
f1,football,7,20,1,4,455492,1,1
f2,badminton,4,14,0,9,383202,0,1
f3,football,3,19,0,6,456265,1,0
f2,tennis,1,16,0,6,302431,0,0
f2,tennis,2,18,0,8,315211,1,1
f3,tennis,7,20,1,2,305640,1,1
f3,football,5,14,0,5,463447,0,1
f3,tennis,3,17,0,8,344065,1,1
f3,tennis,3,2,0,8,345265,0,0
f2,football,4,19,0,5,357518,1,1
f3,tennis,3,20,0,9,348290,1,1
f1,football,7,17,1,10,507432,1,1
f1,football,7,12,1,11,497467,0,1
f3,football,5,17,0,3,508972,1,0
f2,tennis,7,20,1,2,268047,1,1
f2,tennis,6,9,1,5,264869,0,1
f1,tennis,5,22,0,7,323619,0,0
f2,table-tennis,4,18,0,4,387431,1,1
f2,football,1,18,0,3,459706,1,1
f3,tennis,1,23,0,11,291889,0,0
f3,football,5,12,0,9,489315,0,0
f3,badminton,6,11,1,11,397381,0,0
f1,football,7,9,1,3,514752,0,1
f3,football,3,20,0,8,422305,1,1
f1,football,3,19,0,7,544223,1,1
f2,tennis,7,4,1,10,266426,0,0
f3,football,4,17,0,8,517811,1,1
f3,football,5,18,0,3,366912,1,1
f1,football,5,13,0,3,471581,0,1
f3,football,3,21,0,9,487230,1,0
f2,football,6,11,1,9,466406,0,0
f3,badminton,1,20,0,9,372103,1,1
f3,football,2,18,0,11,544454,1,0
f2,football,1,5,0,1,355958,0,0
f3,tennis,6,18,1,4,324991,1,1
f3,football,4,18,0,11,487967,1,1
f2,tennis,2,14,0,11,288985,0,0
f3,football,2,15,0,8,513471,0,0
f2,tennis,2,19,0,6,444157,1,1
f2,tennis,2,16,0,6,323616,0,1
f1,tennis,1,12,0,5,282495,0,1
f1,tennis,4,15,0,10,282541,0,0
f1,tennis,5,14,0,12,274881,0,0
f2,table-tennis,4,20,0,8,390441,1,1
f1,tennis,5,23,0,8,281552,0,0
f2,football,1,15,0,5,528317,0,0
f3,football,4,18,0,5,351071,1,0
f2,football,3,12,0,12,502855,0,1
f2,football,5,6,0,9,497516,0,0
f1,tennis,5,17,0,8,322070,1,1
f3,football,5,8,0,2,362672,0,1
f2,football,3,6,0,3,428966,0,0
f3,football,1,8,0,1,543531,0,1
f2,tennis,4,17,0,3,417568,1,1
f3,tennis,2,18,0,7,346904,1,0
f3,tennis,5,18,0,9,314205,1,1
f2,tennis,7,12,1,1,293416,0,0
f2,football,3,19,0,12,440183,1,1
f3,tennis,3,19,0,11,325821,1,1
f3,football,5,10,0,8,518712,0,0
f3,tennis,2,9,0,11,254138,0,0
f3,football,2,12,0,1,491116,0,0
f2,badminton,2,16,0,7,430147,0,0
f3,football,1,8,0,12,417984,0,1
f2,tennis,4,13,0,9,391124,0,0
f2,tennis,3,16,0,9,438587,0,0
f3,badminton,6,10,1,12,429963,0,0
f1,tennis,5,8,0,5,289008,0,0
f3,football,6,15,1,12,491555,0,0
f3,football,3,7,0,5,425166,0,0
f2,tennis,7,23,1,6,269198,0,0
f2,table-tennis,1,23,0,6,407983,0,0
f3,tennis,2,21,0,4,320592,1,1
f3,football,3,6,0,3,430698,0,0
f1,football,1,21,0,11,519604,1,1
f1,football,1,15,0,7,544025,0,0
f3,football,1,23,0,9,470701,0,0
f2,tennis,6,17,1,4,287649,1,1
f3,football,7,20,1,2,525252,1,1
f3,tennis,7,22,1,1,372946,0,0
f1,football,7,19,1,7,514930,1,1
f3,tennis,1,13,0,1,324443,0,0
f2,tennis,4,18,0,11,318723,1,1
f1,badminton,4,6,0,5,364764,0,0
f3,tennis,6,19,1,5,274405,1,1
f2,tennis,5,17,0,11,275318,1,1
f3,tennis,7,16,1,7,292982,0,1
f3,football,2,14,0,3,492415,0,0
f1,tennis,4,12,0,4,348796,0,1
f2,tennis,5,20,0,12,251498,1,1
f2,tennis,2,21,0,1,365495,1,1
f1,tennis,6,23,1,9,342216,0,0
f3,football,6,12,1,5,530560,0,1
f1,tennis,2,21,0,8,329395,1,1
f3,football,4,20,0,9,437044,1,0
f1,tennis,7,19,1,10,360730,1,1
f3,tennis,3,22,0,2,423946,0,0
f3,badminton,2,18,0,10,369641,1,1
f3,tennis,1,7,0,11,343967,0,0
f1,table-tennis,4,13,0,1,367294,0,0
f2,tennis,1,13,0,9,438181,0,0
f3,football,4,21,0,5,450395,1,1
f3,football,1,16,0,7,541800,0,1
f1,football,4,12,0,1,503591,0,1
f1,football,6,23,1,11,405097,0,0
f2,tennis,7,13,1,7,260518,0,0
f3,badminton,2,19,0,11,395582,1,1
f3,tennis,5,20,0,3,279188,1,0
f1,tennis,4,20,0,11,321361,1,1
f2,football,2,16,0,8,470332,0,1
f3,football,1,15,0,11,530599,0,0
f1,football,2,6,0,2,527849,0,1
f3,table-tennis,6,9,1,1,447064,0,1
f2,football,5,17,0,4,457398,1,1
f2,football,7,20,1,12,491799,1,1
f3,tennis,2,20,0,5,268777,1,0
f3,football,4,11,0,5,457989,0,0
f3,table-tennis,2,17,0,11,405994,1,1
f1,tennis,6,13,1,11,318742,0,1
f2,tennis,2,13,0,5,274101,0,0
f2,football,7,13,1,4,542743,0,1
f2,football,5,23,0,7,504592,0,0
f1,tennis,2,7,0,5,293288,0,0
f2,tennis,1,20,0,9,274966,1,1
f2,table-tennis,5,2,0,10,359539,0,0
f3,badminton,6,7,1,9,412835,0,0
f2,tennis,1,23,0,4,274906,0,0
f1,tennis,7,22,1,8,381797,0,0
f3,football,4,19,0,4,492154,1,1
f2,tennis,5,16,0,11,290425,0,1
f3,tennis,4,20,0,2,344688,1,1
f2,football,3,15,0,6,455992,0,0
f1,table-tennis,2,10,0,1,422523,0,0
f3,football,4,9,0,5,375715,0,1
f2,table-tennis,7,15,1,4,422173,0,0
f3,tennis,3,23,0,8,344838,0,0
f2,tennis,2,19,0,12,296160,1,1
f3,football,4,22,0,3,421058,0,0
f1,tennis,1,22,0,2,437584,0,1
f1,tennis,2,8,0,11,258908,0,0
f1,football,5,12,0,8,457923,0,0
f3,tennis,4,15,0,11,352061,0,1
f3,tennis,1,17,0,1,344659,1,1
f2,football,5,17,0,12,506436,1,0
f1,football,1,9,0,9,481584,0,1
f3,tennis,7,11,1,6,302022,0,1
f2,tennis,5,18,0,4,279603,1,1
f1,football,7,17,1,11,354152,1,1
f2,tennis,5,3,0,8,333459,0,1
f1,football,4,20,0,7,493420,1,1
f1,badminton,1,7,0,4,440739,0,0
f2,tennis,1,17,0,2,286749,1,0
f3,tennis,1,23,0,3,391220,0,1
f1,football,2,21,0,12,402205,1,0
f2,football,5,20,0,4,501007,1,1
f3,tennis,4,8,0,12,340349,0,0
f3,table-tennis,3,6,0,1,407290,0,0
f1,tennis,5,23,0,10,328067,0,0
f2,football,6,19,1,5,509054,1,1
f2,football,4,11,0,7,439088,0,0
f2,football,7,12,1,10,482302,0,0
f1,tennis,2,19,0,7,333086,1,1
f2,tennis,3,5,0,2,250680,0,0
f2,tennis,7,6,1,5,267367,0,1
f2,tennis,5,16,0,9,303483,0,1
f1,tennis,5,17,0,2,328386,1,1
f2,football,3,13,0,7,461101,0,0
f3,football,5,10,0,9,539825,0,1
f1,tennis,3,15,0,5,269127,0,1
f2,tennis,4,14,0,5,260082,0,1
f1,badminton,6,17,1,8,430828,1,1
f1,football,3,22,0,1,501864,0,0
f3,tennis,7,12,1,6,293874,0,0
f3,badminton,2,14,0,5,429064,0,0
f1,tennis,3,23,0,3,302198,0,0
f2,table-tennis,6,15,1,11,425481,0,0
f2,tennis,3,12,0,7,264927,0,0
f1,badminton,5,17,0,3,422102,1,1
f3,tennis,6,12,1,4,288185,0,0
f1,tennis,6,8,1,8,333012,0,1
f2,badminton,2,16,0,12,399412,0,1
f3,tennis,5,18,0,7,316402,1,0
f3,tennis,5,19,0,1,297124,1,1
f3,table-tennis,6,6,1,2,382536,0,0
f2,football,6,2,1,10,523822,0,0
f3,football,4,23,0,6,406420,0,0
f1,tennis,2,21,0,9,317999,1,1
f3,tennis,2,12,0,8,401266,0,0
f3,badminton,6,9,1,9,395215,0,0
f2,football,3,22,0,7,461253,0,0
f3,football,3,15,0,5,509681,0,0
f3,tennis,3,6,0,8,307431,0,0
f2,tennis,1,2,0,5,343163,0,0
f2,tennis,1,20,0,11,371542,1,0
f3,football,5,19,0,3,470989,1,1
f2,tennis,2,19,0,7,274176,1,1
f3,tennis,4,21,0,1,330492,1,0
f2,table-tennis,4,0,0,7,442371,0,0
f2,football,7,20,1,2,363336,1,1
f3,football,3,6,0,6,509972,0,0
f3,tennis,5,14,0,11,328246,0,1
f2,tennis,1,16,0,6,410012,0,0
f3,badminton,7,22,1,5,430541,0,0
f3,football,3,9,0,2,490026,0,1
f2,tennis,2,13,0,9,404819,0,0
f3,tennis,4,15,0,3,333296,0,0
f3,football,5,15,0,3,487858,0,1
f2,tennis,5,19,0,1,297059,1,0
f2,football,2,23,0,7,523607,0,0
f2,tennis,6,15,1,8,343079,0,0
f2,football,1,1,0,10,549753,0,0
f1,tennis,2,12,0,9,272047,0,0
f3,tennis,7,19,1,8,416952,1,1
f1,tennis,7,21,1,9,298085,1,1
f1,badminton,4,7,0,9,405725,0,0
f3,football,3,12,0,1,484447,0,1
f1,tennis,7,18,1,2,281056,1,1
f3,table-tennis,6,19,1,6,443159,1,1
f2,football,5,19,0,3,477082,1,0
f1,table-tennis,3,11,0,9,428231,0,0
f2,football,3,20,0,5,385041,1,0
f3,badminton,7,8,1,2,448316,0,0
f1,tennis,7,8,1,11,341937,0,0
f1,football,6,17,1,6,482447,1,1
f3,tennis,4,20,0,3,332890,1,1
f2,tennis,4,19,0,2,262202,1,1
f3,tennis,6,13,1,6,313968,0,1
f1,table-tennis,1,13,0,12,433209,0,0
f2,football,7,14,1,9,478551,0,0
f1,tennis,3,17,0,6,287171,1,1
f3,football,5,19,0,8,495054,1,0
f1,football,1,19,0,11,510238,1,1
f1,tennis,4,23,0,1,306072,0,0
f3,football,6,10,1,5,485916,0,1
f2,tennis,1,21,0,6,335054,1,1
f2,football,3,18,0,12,448989,1,1
f3,football,6,0,1,2,477973,0,0
f1,table-tennis,2,17,0,9,408335,1,1
f3,tennis,7,19,1,2,305353,1,1
f2,football,2,5,0,7,545782,0,0
f1,tennis,3,8,0,5,300164,0,0
f1,table-tennis,6,4,1,3,419534,0,0
f3,table-tennis,2,16,0,8,444690,0,1
f3,football,4,17,0,10,507984,1,0
f1,football,2,21,0,2,545683,1,1
f2,tennis,7,9,1,3,286302,0,0
f1,football,5,20,0,10,429638,1,1
f3,football,7,20,1,11,489537,1,1
f3,badminton,2,14,0,12,388737,0,0
f1,tennis,4,9,0,2,315481,0,0
f1,tennis,1,23,0,6,391480,0,0
f3,tennis,3,17,0,9,272645,1,1
f1,football,5,0,0,2,484365,0,0
f1,tennis,5,19,0,5,343405,1,1
f2,tennis,6,5,1,7,333956,0,0
f3,football,3,13,0,2,460357,0,0
f1,football,5,14,0,6,526865,0,0
f3,tennis,6,13,1,2,441576,0,0
f1,football,2,23,0,2,506948,0,0
f3,football,1,21,0,5,447215,1,1
f1,football,1,8,0,12,541946,0,1
f2,tennis,5,19,0,9,344472,1,1
f2,football,6,20,1,5,465473,1,1
f1,tennis,7,11,1,7,318662,0,1
f3,tennis,6,15,1,2,409663,0,0
f1,tennis,7,10,1,10,298193,0,1
f1,football,6,7,1,12,379937,0,0
f1,football,7,9,1,1,456026,0,0
f2,football,2,19,0,1,543588,1,1
f2,football,3,15,0,4,544409,0,1
f1,football,3,16,0,2,438254,0,0
f1,football,7,2,1,9,502550,0,1
f2,tennis,7,14,1,5,261322,0,0
f1,tennis,2,20,0,5,289834,1,1
f1,tennis,3,15,0,10,275614,0,0
f3,football,2,23,0,1,503744,0,1
f3,tennis,6,20,1,12,251257,1,0
f1,football,4,20,0,12,390306,1,1
f3,football,4,23,0,8,457850,0,0
f1,badminton,3,2,0,2,380339,0,0
f3,tennis,6,13,1,6,348028,0,1
f1,football,2,21,0,11,401688,1,1
f3,football,4,23,0,11,467132,0,0
f2,tennis,7,18,1,7,346384,1,1
f2,tennis,2,22,0,2,276569,0,0
f3,football,2,10,0,2,508925,0,0
f2,football,5,23,0,6,477215,0,0
f2,tennis,7,5,1,2,270658,0,0
f2,tennis,6,2,1,10,378183,0,0
f2,football,1,9,0,12,496627,0,1
f1,table-tennis,3,21,0,5,372789,1,1
f2,tennis,5,19,0,12,282748,1,1
f1,football,1,3,0,1,479135,0,0
f2,tennis,6,22,1,11,334500,0,1
f3,tennis,7,1,1,2,258450,0,0
f3,tennis,7,5,1,3,293456,0,0
f2,football,2,16,0,10,544952,0,1
f1,tennis,6,11,1,7,296392,0,1
f1,tennis,3,20,0,8,269481,1,1
f3,table-tennis,2,12,0,11,415390,0,0
f3,tennis,1,11,0,2,300202,0,1
f1,table-tennis,7,9,1,9,432674,0,0
f3,football,4,16,0,12,512873,0,0
f2,tennis,5,14,0,9,300905,0,1
f1,tennis,5,1,0,4,286822,0,1
f2,football,3,8,0,10,370922,0,1
f3,football,3,21,0,9,546607,1,1
f1,football,7,16,1,7,372768,0,1
f3,tennis,7,18,1,12,297026,1,0
f1,table-tennis,6,22,1,6,424403,0,0
f3,football,7,18,1,8,490508,1,1
f1,football,1,17,0,4,478679,1,1
f2,football,3,6,0,10,467103,0,0
f1,tennis,1,9,0,1,326888,0,0
f1,football,7,19,1,9,497826,1,0
f2,tennis,6,21,1,7,363242,1,1
f2,football,2,22,0,12,507261,0,0
f2,table-tennis,3,19,0,3,423659,1,1
f3,tennis,2,21,0,11,272983,1,1
f3,badminton,3,11,0,3,445529,0,1
f3,tennis,4,2,0,10,373865,0,0
f3,football,6,6,1,10,515035,0,0
f3,football,2,14,0,6,472005,0,0
f1,badminton,6,20,1,11,394007,1,1
f2,football,2,4,0,12,495938,0,0
f1,tennis,1,13,0,1,407438,0,0
f1,tennis,4,16,0,7,321568,0,1
f2,table-tennis,6,8,1,11,371319,0,0
f1,tennis,1,10,0,6,263726,0,1
f1,tennis,2,4,0,12,321702,0,0
f1,tennis,5,21,0,10,313273,1,1
f2,football,2,20,0,10,406911,1,1
f1,tennis,2,15,0,4,341382,0,0
f3,football,3,12,0,11,388980,0,1
f1,tennis,5,17,0,9,314349,1,1
f2,football,4,12,0,2,536772,0,0
f2,football,1,7,0,1,472391,0,0
f1,tennis,7,13,1,2,302096,0,0
f3,tennis,1,18,0,11,300793,1,1
f2,tennis,2,2,0,8,284510,0,0
f2,football,7,20,1,5,458079,1,1
f3,badminton,1,21,0,2,395061,1,0
f2,table-tennis,2,3,0,9,400738,0,0
f2,table-tennis,6,20,1,8,380886,1,1
f1,tennis,7,2,1,12,315811,0,0
f3,football,6,9,1,10,365765,0,0
f2,football,2,20,0,4,475260,1,1
f2,football,6,6,1,7,532211,0,0
f3,tennis,3,22,0,12,258783,0,1
f3,tennis,5,18,0,6,286202,1,1
f1,football,5,17,0,10,404997,1,1
f1,football,5,21,0,10,549402,1,0
f1,football,5,19,0,2,487498,1,0
f2,tennis,3,20,0,7,313646,1,1
f2,football,2,14,0,5,468855,0,0
f3,tennis,4,14,0,1,393449,0,0
f1,badminton,4,21,0,5,398816,1,1
f2,tennis,3,18,0,8,341250,1,1
f1,football,3,12,0,12,492056,0,1
f2,table-tennis,6,6,1,2,407896,0,0
f2,badminton,4,19,0,9,399009,1,0
f3,football,1,19,0,5,516426,1,1
f3,football,1,6,0,3,376309,0,0
f1,football,4,22,0,1,497235,0,0
f2,tennis,7,16,1,8,302028,0,0
f1,tennis,1,12,0,4,414066,0,0
f1,tennis,5,16,0,9,295121,0,1
f2,tennis,7,5,1,12,387364,0,1
f1,football,7,18,1,10,478091,1,0
f3,football,6,11,1,4,535404,0,0
f1,badminton,1,22,0,8,367342,0,0
f3,football,2,17,0,5,490037,1,1
f3,table-tennis,3,21,0,7,399345,1,0
f2,tennis,2,13,0,8,338761,0,0
f3,tennis,5,0,0,2,317045,0,0
f2,badminton,6,17,1,10,387051,1,1
f1,tennis,1,11,0,6,333964,0,1
f2,tennis,6,22,1,12,335389,0,0
f1,tennis,7,21,1,4,357441,1,0
f3,tennis,6,17,1,6,268340,1,1
f3,tennis,3,22,0,5,304862,0,0
f3,football,5,20,0,12,474892,1,1
f3,football,6,19,1,9,512355,1,0
f3,tennis,5,18,0,5,272280,1,0
f3,football,3,14,0,2,466769,0,0
f3,badminton,7,22,1,3,439091,0,0
f3,football,2,8,0,6,547545,0,0
f2,tennis,3,21,0,5,288541,1,1
f1,tennis,1,21,0,11,326062,1,0
f1,tennis,2,7,0,9,339220,0,0
f2,tennis,1,8,0,3,276253,0,1
f3,tennis,2,19,0,6,343804,1,1
f1,tennis,3,11,0,11,291079,0,0
f1,tennis,3,17,0,4,272099,1,1
f1,tennis,7,8,1,2,330541,0,0
f2,tennis,4,13,0,8,250611,0,1
f1,tennis,3,21,0,1,392233,1,1
f3,football,1,0,0,11,532141,0,0
f1,football,3,8,0,5,363462,0,1
f3,tennis,2,21,0,2,255992,1,1
f2,tennis,6,17,1,9,318697,1,1
f3,football,3,16,0,8,548319,0,1
f2,football,2,20,0,4,467197,1,1
f1,tennis,5,7,0,3,398049,0,0
f1,tennis,6,18,1,5,320088,1,1
f3,football,6,20,1,2,452587,1,1
f1,tennis,4,7,0,7,321733,0,0
f3,football,2,17,0,12,532616,1,1
f2,tennis,1,17,0,11,385386,1,1
f3,football,4,16,0,2,544210,0,0
f2,football,7,15,1,2,476037,0,0
f2,table-tennis,2,19,0,6,403707,1,1
f1,badminton,4,18,0,4,413001,1,1
f1,football,6,22,1,2,464474,0,0
f3,tennis,2,18,0,2,317070,1,1
f3,football,3,8,0,11,509867,0,0
f2,tennis,4,6,0,1,272898,0,0
f2,tennis,7,14,1,11,305836,0,0
f1,football,1,21,0,3,534829,1,1
f2,tennis,5,20,0,5,346084,1,1
f2,football,1,14,0,7,509839,0,1
f2,football,7,20,1,8,405278,1,1
f1,football,2,20,0,12,457686,1,0
f1,football,4,14,0,10,524572,0,0
f1,football,4,18,0,6,353777,1,0
f3,football,4,7,0,8,503907,0,0
f1,tennis,6,0,1,6,342349,0,0
f3,badminton,5,20,0,12,379358,1,0
f3,tennis,5,18,0,9,341826,1,1
f2,football,6,14,1,4,395318,0,0
f3,tennis,2,21,0,9,330335,1,1
f3,football,5,18,0,8,514990,1,0
f1,tennis,3,15,0,4,286458,0,1
f1,football,6,14,1,7,380801,0,1
f2,football,4,18,0,2,415333,1,1
f1,tennis,6,1,1,11,263453,0,0
f1,badminton,5,21,0,1,361913,1,1
f3,badminton,3,19,0,9,377112,1,1
f2,tennis,3,21,0,1,279218,1,0
f2,football,7,17,1,10,412014,1,1
f2,tennis,4,6,0,2,449525,0,0
f1,tennis,3,23,0,11,288270,0,0
f2,football,1,21,0,1,371516,1,1
f3,tennis,6,6,1,7,383330,0,0
f1,football,7,7,1,7,509905,0,0
f1,tennis,3,17,0,2,404325,1,1
f3,football,5,18,0,2,409048,1,1
f3,table-tennis,2,0,0,8,419515,0,0
f3,tennis,7,14,1,10,316628,0,0
f1,badminton,5,20,0,3,366827,1,1
f3,tennis,5,16,0,6,400418,0,0
f3,tennis,7,11,1,4,402149,0,0
f2,tennis,7,8,1,3,304099,0,0
f3,tennis,3,19,0,12,391144,1,1
f3,football,2,7,0,4,431810,0,0
f3,tennis,6,19,1,3,335208,1,0
f1,table-tennis,5,19,0,12,392255,1,1
f2,tennis,4,20,0,10,437445,1,1
f3,football,7,12,1,9,405363,0,0
f3,football,1,9,0,7,456955,0,0
f1,tennis,7,12,1,3,339573,0,1
f1,badminton,7,7,1,5,448775,0,0
f2,tennis,1,19,0,10,338542,1,1
f1,table-tennis,6,13,1,9,381142,0,0
f3,tennis,6,3,1,11,300014,0,0
f3,tennis,5,0,0,1,347474,0,0
f3,tennis,7,22,1,4,333071,0,0
f3,tennis,7,18,1,10,346790,1,1
f3,football,3,11,0,8,539477,0,1
f1,badminton,5,13,0,2,355326,0,0
f3,tennis,2,21,0,3,283425,1,1
f2,tennis,2,9,0,1,392287,0,0
f3,badminton,7,13,1,11,414297,0,0
f3,tennis,1,14,0,12,318864,0,1
f1,table-tennis,1,10,0,9,404516,0,0
f2,football,3,20,0,4,477964,1,1
f2,tennis,3,22,0,4,348652,0,0
f2,football,7,0,1,11,365036,0,0
f2,football,6,22,1,10,531412,0,0
f1,table-tennis,3,22,0,7,364860,0,0
f3,tennis,3,22,0,1,417746,0,0
f2,football,7,12,1,9,413806,0,1
f3,football,3,5,0,9,462577,0,0
f3,table-tennis,1,4,0,11,377627,0,0
f1,football,4,7,0,2,420484,0,0
f3,tennis,6,21,1,2,339921,1,1
f2,table-tennis,3,5,0,1,359600,0,1
f2,football,1,21,0,10,379837,1,0
f2,tennis,4,14,0,11,306757,0,1
f2,table-tennis,1,0,0,9,434072,0,0
f1,football,5,18,0,1,359514,1,1
f3,football,3,13,0,11,529503,0,1
f2,tennis,4,1,0,11,312126,0,0
f1,football,6,19,1,7,521529,1,1
f3,football,3,20,0,11,545594,1,1
f1,table-tennis,7,9,1,9,366152,0,1
f3,football,4,19,0,9,361157,1,1
f3,football,6,7,1,6,404087,0,0
f3,football,2,8,0,3,530856,0,0
f1,football,2,20,0,11,524356,1,0
f3,tennis,6,4,1,9,288096,0,0
f2,football,2,21,0,12,513857,1,0
f2,football,6,9,1,11,463113,0,1
f1,football,3,12,0,8,493036,0,0
f2,badminton,5,20,0,3,424299,1,1
f2,tennis,2,14,0,1,282266,0,0
f3,table-tennis,6,11,1,7,397118,0,1
f3,tennis,4,12,0,8,297020,0,0
f2,badminton,1,20,0,3,429511,1,1
f2,football,5,10,0,4,546147,0,0
f1,football,1,18,0,1,416476,1,1
f3,table-tennis,4,7,0,10,354804,0,0
f3,football,4,18,0,11,369481,1,1
f1,badminton,6,8,1,5,410909,0,0
f1,tennis,3,0,0,9,336858,0,0
f3,football,2,8,0,9,408487,0,1
f3,football,6,21,1,3,445945,1,1
f2,football,2,8,0,8,458239,0,1
f1,football,6,17,1,4,497349,1,1
f2,football,1,14,0,11,463529,0,0
f3,tennis,7,17,1,5,447243,1,1
f3,tennis,2,20,0,7,399613,1,1
f3,football,5,13,0,5,479215,0,0
f2,tennis,4,20,0,8,329195,1,1
f1,tennis,2,4,0,4,317441,0,0
f1,football,2,12,0,3,528908,0,0
f1,table-tennis,2,20,0,7,393283,1,1
f2,table-tennis,4,7,0,8,427436,0,0
f2,football,2,8,0,1,525168,0,0
f1,table-tennis,5,21,0,1,425008,1,1
f1,tennis,2,23,0,9,303143,0,0
f3,table-tennis,1,20,0,12,436736,1,0
f1,football,4,14,0,10,513133,0,1
f2,tennis,2,21,0,10,373839,1,1
f3,tennis,2,17,0,12,294914,1,0
f3,badminton,1,13,0,4,400523,0,1
f1,football,5,17,0,9,505023,1,0
f3,football,2,21,0,8,530576,1,1
f3,tennis,7,5,1,2,413208,0,0
f3,badminton,7,21,1,1,438940,1,1
f3,tennis,3,18,0,1,319444,1,1
f2,tennis,3,20,0,10,347175,1,0
f3,badminton,1,8,0,7,383360,0,0
f1,football,3,20,0,10,521267,1,1
f1,football,6,19,1,12,450932,1,1
f1,football,1,20,0,7,376924,1,1
f2,tennis,3,9,0,2,305846,0,0
f2,tennis,7,16,1,9,324012,0,1
f2,tennis,4,15,0,4,422365,0,0
f2,football,3,19,0,9,513407,1,1
f2,badminton,3,14,0,12,446440,0,1
f3,football,6,12,1,4,541660,0,0
f1,football,5,19,0,7,494359,1,0
f3,football,6,3,1,12,371068,0,0
f3,football,7,21,1,2,469048,1,1
f3,tennis,1,10,0,2,279067,0,1
f3,football,6,23,1,7,502513,0,0
f3,tennis,6,3,1,10,272973,0,0
f2,football,2,23,0,11,517915,0,0
f1,tennis,5,18,0,9,380365,1,1
f3,football,3,20,0,4,450037,1,0
f1,tennis,7,16,1,7,337773,0,1
f3,football,5,21,0,1,542225,1,1
f1,table-tennis,3,17,0,12,423284,1,0
f2,tennis,7,8,1,5,329477,0,0
f2,tennis,5,10,0,1,272942,0,0
f1,football,1,12,0,9,394560,0,0
f3,tennis,5,10,0,10,340989,0,0
f2,table-tennis,4,17,0,4,394520,1,0
f2,badminton,4,19,0,10,353584,1,1
f2,football,4,19,0,11,478885,1,1
f1,tennis,4,17,0,6,320208,1,1
f2,football,3,14,0,2,538302,0,0
f2,football,5,14,0,3,491139,0,1
f3,tennis,2,17,0,12,274925,1,1
f1,football,6,19,1,4,484787,1,1
f1,football,7,16,1,10,470446,0,0
f1,football,6,15,1,11,530455,0,1
f3,football,7,12,1,8,531352,0,1
f3,tennis,4,17,0,3,316995,1,1
f1,tennis,2,17,0,1,405466,1,1
f3,football,5,14,0,6,539959,0,0
f2,football,6,13,1,9,491373,0,0
f1,badminton,2,21,0,7,363205,1,1
f3,tennis,2,10,0,9,281082,0,1
f3,tennis,3,15,0,3,305567,0,1
f3,tennis,3,11,0,7,309077,0,1
f1,table-tennis,6,21,1,4,363090,1,1
f1,tennis,4,6,0,7,369116,0,0
f3,football,4,11,0,1,505249,0,0
f3,table-tennis,5,14,0,12,413782,0,1
f3,football,1,6,0,7,440510,0,0
f1,tennis,4,6,0,11,308963,0,0
f2,tennis,3,19,0,9,283779,1,1
f2,football,3,23,0,11,529374,0,0
f3,badminton,6,11,1,9,387304,0,1
f3,tennis,4,12,0,12,360277,0,1
f2,tennis,6,19,1,3,271964,1,1
f2,tennis,6,20,1,10,303054,1,0
f1,football,2,8,0,6,491088,0,1
f2,badminton,3,20,0,10,401833,1,1
f2,tennis,6,17,1,10,309020,1,1
f1,football,2,9,0,12,536772,0,1
f3,table-tennis,6,7,1,2,371877,0,0
f1,football,4,3,0,9,453455,0,0
f3,football,1,18,0,5,470352,1,1
f2,tennis,2,21,0,4,287247,1,1
f1,football,5,1,0,3,454607,0,0
f2,tennis,4,23,0,9,285705,0,0
f1,tennis,5,21,0,3,428326,1,1
f3,table-tennis,5,17,0,7,433858,1,1
f2,tennis,4,8,0,9,261738,0,0
f2,tennis,3,13,0,3,251383,0,1
f1,tennis,3,18,0,8,251090,1,1
f2,tennis,3,18,0,1,306418,1,1
f3,football,7,19,1,1,498974,1,1
f3,tennis,4,10,0,4,343708,0,0
f2,tennis,2,5,0,5,305343,0,0
f3,table-tennis,7,17,1,12,385633,1,1
f3,tennis,7,15,1,5,374641,0,0
f1,football,3,19,0,2,509682,1,1
f2,tennis,5,6,0,8,392027,0,1
f1,badminton,1,6,0,3,386977,0,0
f3,tennis,6,8,1,1,261822,0,1
f2,football,3,13,0,7,515325,0,0
f2,table-tennis,7,15,1,1,360515,0,0
f1,football,3,4,0,7,521197,0,0
f1,tennis,7,17,1,7,251653,1,1
f3,football,4,9,0,8,546681,0,0
f1,tennis,6,17,1,2,337294,1,0
f2,tennis,6,23,1,5,292344,0,0
f3,football,6,17,1,9,466009,1,1
f3,tennis,2,20,0,6,256827,1,0
f1,football,2,16,0,11,492534,0,1
f2,football,1,19,0,7,381862,1,1
f1,badminton,7,14,1,12,440230,0,0
f2,football,2,15,0,3,461980,0,0
f2,table-tennis,1,16,0,1,434485,0,1
f3,football,2,8,0,8,491515,0,0
f3,tennis,7,20,1,8,275292,1,1
f2,tennis,6,10,1,3,255175,0,0
f2,tennis,3,18,0,9,414237,1,1
f1,table-tennis,3,20,0,6,411393,1,1
f3,football,2,17,0,2,370319,1,1
f2,badminton,3,0,0,8,433627,0,0
f3,football,1,18,0,10,497720,1,1
f1,tennis,6,21,1,2,320642,1,0
f1,badminton,6,18,1,8,422281,1,1
f2,tennis,4,14,0,11,264478,0,1
f3,football,1,11,0,3,454099,0,1
f2,football,1,20,0,1,534115,1,0
f3,tennis,5,18,0,10,327371,1,1
f2,football,5,4,0,12,451715,0,0
f1,badminton,4,13,0,2,433744,0,1
f3,football,4,19,0,6,442855,1,1
f3,tennis,5,20,0,1,259225,1,0
f1,football,5,6,0,2,545049,0,0
f2,football,2,21,0,9,482605,1,1
f1,table-tennis,6,15,1,9,447793,0,1
f3,badminton,3,13,0,11,442084,0,0
f1,football,7,19,1,3,502632,1,1
f3,football,5,12,0,10,496179,0,0
f3,tennis,7,15,1,6,333000,0,0
f3,tennis,5,20,0,4,321516,1,1
f3,tennis,3,23,0,6,409297,0,0
f2,football,6,12,1,1,528087,0,1
f1,tennis,1,8,0,5,278157,0,0
f1,table-tennis,7,22,1,5,422569,0,0
f3,tennis,2,2,0,2,410341,0,0
f1,tennis,3,9,0,10,280539,0,1
f2,football,5,20,0,7,478499,1,1
f3,tennis,7,11,1,8,313999,0,0
f3,table-tennis,5,17,0,2,434181,1,1
f3,tennis,4,18,0,2,357329,1,0
f2,tennis,7,15,1,7,265799,0,0
f1,table-tennis,6,23,1,10,351498,0,0
f3,tennis,1,17,0,5,255397,1,1
f3,football,3,18,0,9,478940,1,1
f3,table-tennis,4,17,0,8,428005,1,1
f1,football,4,19,0,5,501684,1,1
f2,football,4,21,0,10,456463,1,1
f2,football,4,16,0,9,541471,0,1
f1,tennis,5,15,0,4,301815,0,0
f1,tennis,5,17,0,12,382275,1,1
f2,tennis,3,23,0,11,325499,0,1
f3,tennis,4,16,0,6,274967,0,1
f3,table-tennis,1,10,0,5,395838,0,0
f2,table-tennis,2,2,0,8,380603,0,0
f2,football,7,18,1,12,461247,1,1
f1,football,5,19,0,3,487707,1,1
f3,football,3,14,0,8,452981,0,1
